category,name,description,id,source_page
,Wake and bake,Bake 1 cookie in one ascension.,0,https://cookieclicker.wiki.gg/wiki/Achievements
,Making some dough,"Bake 1,000 cookies in one ascension.",1,https://cookieclicker.wiki.gg/wiki/Achievements
,So baked right now,"Bake 100,000 cookies in one ascension.",2,https://cookieclicker.wiki.gg/wiki/Achievements
,Fledgling bakery,Bake 1 million cookies in one ascension.,3,https://cookieclicker.wiki.gg/wiki/Achievements
,Affluent bakery,Bake 100 million cookies in one ascension.,4,https://cookieclicker.wiki.gg/wiki/Achievements
,World-famous bakery,Bake 1 billion cookies in one ascension.,5,https://cookieclicker.wiki.gg/wiki/Achievements
,Cosmic bakery,Bake 100 billion cookies in one ascension.,6,https://cookieclicker.wiki.gg/wiki/Achievements
,Galactic bakery,Bake 1 trillion cookies in one ascension.,7,https://cookieclicker.wiki.gg/wiki/Achievements
,Universal bakery,Bake 100 trillion cookies in one ascension.,8,https://cookieclicker.wiki.gg/wiki/Achievements
,Timeless bakery,Bake 1 quadrillion cookies in one ascension.,9,https://cookieclicker.wiki.gg/wiki/Achievements
,Infinite bakery,Bake 100 quadrillion cookies in one ascension.,10,https://cookieclicker.wiki.gg/wiki/Achievements
,Immortal bakery,Bake 1 quintillion cookies in one ascension.,11,https://cookieclicker.wiki.gg/wiki/Achievements
,Don't stop me now,Bake 100 quintillion cookies in one ascension.,12,https://cookieclicker.wiki.gg/wiki/Achievements
,You can stop now,Bake 1 sextillion cookies in one ascension.,13,https://cookieclicker.wiki.gg/wiki/Achievements
,Cookies all the way down,Bake 100 sextillion cookies in one ascension.,14,https://cookieclicker.wiki.gg/wiki/Achievements
,Overdose,Bake 1 septillion cookies in one ascension.,15,https://cookieclicker.wiki.gg/wiki/Achievements
,How?,Bake 100 septillion cookies in one ascension.,223,https://cookieclicker.wiki.gg/wiki/Achievements
,The land of milk and cookies,Bake 1 octillion cookies in one ascension.,224,https://cookieclicker.wiki.gg/wiki/Achievements
,He who controls the cookies controls the universe,"Bake 100 octillion cookies in one ascension. ""The milk must flow!""",225,https://cookieclicker.wiki.gg/wiki/Achievements
,Tonight on Hoarders,Bake 1 nonillion cookies in one ascension.,226,https://cookieclicker.wiki.gg/wiki/Achievements
,Are you gonna eat all that?,Bake 100 nonillion cookies in one ascension.,227,https://cookieclicker.wiki.gg/wiki/Achievements
,We're gonna need a bigger bakery,Bake 1 decillion cookies in one ascension.,228,https://cookieclicker.wiki.gg/wiki/Achievements
,In the mouth of madness,"Bake 100 decillion cookies in one ascension. ""A cookie is just what we tell each other it is.""",229,https://cookieclicker.wiki.gg/wiki/Achievements
,Brought to you by the letter,Bake 1 undecillion cookies in one ascension.,230,https://cookieclicker.wiki.gg/wiki/Achievements
,The dreams in which I'm baking are the best I've ever had,Bake 100 undecillion cookies in one ascension.,279,https://cookieclicker.wiki.gg/wiki/Achievements
,Set for life,Bake 1 duodecillion cookies in one ascension.,280,https://cookieclicker.wiki.gg/wiki/Achievements
,Panic! at Nabisco,Bake 100 duodecillion cookies in one ascension.,372,https://cookieclicker.wiki.gg/wiki/Achievements
,Bursting at the seams,Bake 1 tredecillion cookies in one ascension.,373,https://cookieclicker.wiki.gg/wiki/Achievements
,Just about full,Bake 100 tredecillion cookies in one ascension.,374,https://cookieclicker.wiki.gg/wiki/Achievements
,Hungry for more,Bake 1 quattuordecillion cookies in one ascension.,375,https://cookieclicker.wiki.gg/wiki/Achievements
,"Feed me, Orteil",Bake 100 quattuordecillion cookies in one ascension.,390,https://cookieclicker.wiki.gg/wiki/Achievements
,And then what?,Bake 1 quindecillion cookies in one ascension.,391,https://cookieclicker.wiki.gg/wiki/Achievements
,I think it's safe to say you've got it made,Bake 100 quindecillion cookies in one ascension.,429,https://cookieclicker.wiki.gg/wiki/Achievements
,A sometimes food,Bake 1 sexdecillion cookies in one ascension.,451,https://cookieclicker.wiki.gg/wiki/Achievements
,Not enough of a good thing,Bake 100 sexdecillion cookies in one ascension.,452,https://cookieclicker.wiki.gg/wiki/Achievements
,Horn of plenty,Bake 1 septendecillion cookies in one ascension.,453,https://cookieclicker.wiki.gg/wiki/Achievements
,Large and in charge,Bake 100 septendecillion cookies in one ascension.,470,https://cookieclicker.wiki.gg/wiki/Achievements
,Absolutely stuffed,Bake 1 octodecillion cookies in one ascension.,471,https://cookieclicker.wiki.gg/wiki/Achievements
,It's only wafer-thin,"Bake 100 octodecillion cookies in one ascension. ""Just the one!""",472,https://cookieclicker.wiki.gg/wiki/Achievements
,Think big,Bake 1 novemdecillion cookies in one ascension.,534,https://cookieclicker.wiki.gg/wiki/Achievements
,Hypersize me,Bake 100 novemdecillion cookies in one ascension.,535,https://cookieclicker.wiki.gg/wiki/Achievements
,Max capacity,Bake 1 vigintillion cookies in one ascension.,536,https://cookieclicker.wiki.gg/wiki/Achievements
,Fake it till you bake it,Bake 100 vigintillion cookies in one ascension.,578,https://cookieclicker.wiki.gg/wiki/Achievements
,History in the baking,Bake 1 unvigintillion cookies in one ascension.,579,https://cookieclicker.wiki.gg/wiki/Achievements
,What do you get for the baker who has everything,Bake 100 unvigintillion cookies in one ascension.,586,https://cookieclicker.wiki.gg/wiki/Achievements
,Bottomless pit,Bake 1 duovigintillion cookies in one ascension.,587,https://cookieclicker.wiki.gg/wiki/Achievements
,Rainy day fund,Bake 100 duovigintillion cookies in one ascension.,592,https://cookieclicker.wiki.gg/wiki/Achievements
,And a little extra,Bake 1 trevigintillion cookies in one ascension.,593,https://cookieclicker.wiki.gg/wiki/Achievements
,Casual baking,Bake 1 cookie per second.,16,https://cookieclicker.wiki.gg/wiki/Achievements
,Hardcore baking,Bake 10 cookies per second.,17,https://cookieclicker.wiki.gg/wiki/Achievements
,Steady tasty stream,Bake 100 cookies per second.,18,https://cookieclicker.wiki.gg/wiki/Achievements
,Cookie monster,"Bake 1,000 cookies per second.",19,https://cookieclicker.wiki.gg/wiki/Achievements
,Mass producer,"Bake 10,000 cookies per second.",20,https://cookieclicker.wiki.gg/wiki/Achievements
,Cookie vortex,Bake 1 million cookies per second.,21,https://cookieclicker.wiki.gg/wiki/Achievements
,Cookie pulsar,Bake 10 million cookies per second.,22,https://cookieclicker.wiki.gg/wiki/Achievements
,Cookie quasar,Bake 100 million cookies per second.,23,https://cookieclicker.wiki.gg/wiki/Achievements
,"Oh hey, you're still here",Bake 1 billion cookies per second.,24,https://cookieclicker.wiki.gg/wiki/Achievements
,Let's never bake again,Bake 10 billion cookies per second.,25,https://cookieclicker.wiki.gg/wiki/Achievements
,A world filled with cookies,Bake 1 trillion cookies per second.,231,https://cookieclicker.wiki.gg/wiki/Achievements
,When this baby hits 36 quadrillion cookies per hour,Bake 10 trillion cookies per second.,232,https://cookieclicker.wiki.gg/wiki/Achievements
,Fast and delicious,Bake 100 trillion cookies per second.,233,https://cookieclicker.wiki.gg/wiki/Achievements
,"Cookiehertz : a really, really tasty hertz","Bake 1 quadrillion cookies per second. ""Tastier than a hertz donut, anyway.""",234,https://cookieclicker.wiki.gg/wiki/Achievements
,"Woops, you solved world hunger",Bake 10 quadrillion cookies per second.,235,https://cookieclicker.wiki.gg/wiki/Achievements
,Turbopuns,"Bake 1 quintillion cookies per second. ""Mother Nature will be like ""slowwwww dowwwwwn"".""",236,https://cookieclicker.wiki.gg/wiki/Achievements
,Faster menner,Bake 10 quintillion cookies per second.,237,https://cookieclicker.wiki.gg/wiki/Achievements
,And yet you're still hungry,Bake 100 quintillion cookies per second.,238,https://cookieclicker.wiki.gg/wiki/Achievements
,The Abakening,Bake 1 sextillion cookies per second.,239,https://cookieclicker.wiki.gg/wiki/Achievements
,"There's really no hard limit to how long these achievement names can be and to be quite honest I'm rather curious to see how far we can go. Adolphus W. Green (1844–1917) started as the Principal of the Groton School in 1864. By 1865, he became second assistant librarian at the New York Mercantile Library; from 1867 to 1869, he was promoted to full librarian. From 1869 to 1873, he worked for Evarts, Southmayd & Choate, a law firm co-founded by William M. Evarts, Charles Ferdinand Southmayd and Joseph Hodges Choate. He was admitted to the New York State Bar Association in 1873. Anyway, how's your day been?",Bake 10 sextillion cookies per second.,240,https://cookieclicker.wiki.gg/wiki/Achievements
,Fast,"Bake 1 septillion cookies per second. ""Wow!""",241,https://cookieclicker.wiki.gg/wiki/Achievements
,Knead for speed,"Bake 10 septillion cookies per second. ""How did we not make that one yet?""",274,https://cookieclicker.wiki.gg/wiki/Achievements
,Well the cookies start coming and they don't stop coming,"Bake 100 septillion cookies per second. ""Didn't make sense not to click for fun .""",275,https://cookieclicker.wiki.gg/wiki/Achievements
,I don't know if you've noticed but all these icons are very slightly off-center,Bake 1 octillion cookies per second.,276,https://cookieclicker.wiki.gg/wiki/Achievements
,The proof of the cookie is in the baking,"Bake 10 octillion cookies per second. ""How can you have any cookies if you don't bake your dough?""",277,https://cookieclicker.wiki.gg/wiki/Achievements
,"If it's worth doing, it's worth overdoing",Bake 1 nonillion cookies per second.,278,https://cookieclicker.wiki.gg/wiki/Achievements
,Running with scissors,Bake 10 nonillion cookies per second.,368,https://cookieclicker.wiki.gg/wiki/Achievements
,Rarefied air,Bake 100 nonillion cookies per second.,369,https://cookieclicker.wiki.gg/wiki/Achievements
,Push it to the limit,Bake 1 decillion cookies per second.,370,https://cookieclicker.wiki.gg/wiki/Achievements
,Green cookies sleep furiously,Bake 10 decillion cookies per second.,371,https://cookieclicker.wiki.gg/wiki/Achievements
,Leisurely pace,Bake 1 undecillion cookies per second.,388,https://cookieclicker.wiki.gg/wiki/Achievements
,Hypersonic,Bake 10 undecillion cookies per second.,389,https://cookieclicker.wiki.gg/wiki/Achievements
,Gotta go fast,Bake 100 undecillion cookies per second.,428,https://cookieclicker.wiki.gg/wiki/Achievements
,"Bake him away, toys",Bake 1 duodecillion cookies per second.,448,https://cookieclicker.wiki.gg/wiki/Achievements
,You're #1 so why try harder,Bake 10 duodecillion cookies per second.,449,https://cookieclicker.wiki.gg/wiki/Achievements
,Haven't even begun to peak,Bake 1 tredecillion cookies per second.,450,https://cookieclicker.wiki.gg/wiki/Achievements
,What did we even eat before these,Bake 10 tredecillion cookies per second.,467,https://cookieclicker.wiki.gg/wiki/Achievements
,Heavy flow,Bake 100 tredecillion cookies per second.,468,https://cookieclicker.wiki.gg/wiki/Achievements
,More you say?,Bake 1 quattuordecillion cookies per second.,469,https://cookieclicker.wiki.gg/wiki/Achievements
,Keep going until I say stop,Bake 10 quattuordecillion cookies per second.,531,https://cookieclicker.wiki.gg/wiki/Achievements
,"But I didn't say stop, did I?",Bake 1 quindecillion cookies per second.,532,https://cookieclicker.wiki.gg/wiki/Achievements
,With unrivaled fervor,Bake 10 quindecillion cookies per second.,533,https://cookieclicker.wiki.gg/wiki/Achievements
,I am speed,Bake 100 quindecillion cookies per second.,576,https://cookieclicker.wiki.gg/wiki/Achievements
,And on and on,Bake 1 sexdecillion cookies per second.,577,https://cookieclicker.wiki.gg/wiki/Achievements
,Everything happens so much,Bake 10 sexdecillion cookies per second.,584,https://cookieclicker.wiki.gg/wiki/Achievements
,I'll rest when I'm dead,Bake 1 septendecillion cookies per second.,585,https://cookieclicker.wiki.gg/wiki/Achievements
,Can we get much higher,Bake 10 septendecillion cookies per second.,590,https://cookieclicker.wiki.gg/wiki/Achievements
,Speed's the name of the game (no it's not it's called Cookie Clicker),Bake 100 septendecillion cookies per second.,591,https://cookieclicker.wiki.gg/wiki/Achievements
,Clicktastic,"Make 1,000 cookies from clicking .",30,https://cookieclicker.wiki.gg/wiki/Achievements
,Clickathlon,"Make 100,000 cookies from clicking.",31,https://cookieclicker.wiki.gg/wiki/Achievements
,Clickolympics,Make 10 million cookies from clicking.,32,https://cookieclicker.wiki.gg/wiki/Achievements
,Clickorama,Make 1 billion cookies from clicking.,33,https://cookieclicker.wiki.gg/wiki/Achievements
,Clickasmic,Make 100 billion cookies from clicking.,100,https://cookieclicker.wiki.gg/wiki/Achievements
,Clickageddon,Make 10 trillion cookies from clicking.,145,https://cookieclicker.wiki.gg/wiki/Achievements
,Clicknarok,Make 1 quadrillion cookies from clicking.,146,https://cookieclicker.wiki.gg/wiki/Achievements
,Clickastrophe,Make 100 quadrillion cookies from clicking.,244,https://cookieclicker.wiki.gg/wiki/Achievements
,Clickataclysm,Make 10 quintillion cookies from clicking.,245,https://cookieclicker.wiki.gg/wiki/Achievements
,The ultimate clickdown,"Make 1 sextillion cookies from clicking. ""(of ultimate destiny.)""",337,https://cookieclicker.wiki.gg/wiki/Achievements
,All the other kids with the pumped up clicks,Make 100 sextillion cookies from clicking.,376,https://cookieclicker.wiki.gg/wiki/Achievements
,One...more...click...,Make 10 septillion cookies from clicking.,377,https://cookieclicker.wiki.gg/wiki/Achievements
,Clickety split,Make 1 octillion cookies from clicking.,473,https://cookieclicker.wiki.gg/wiki/Achievements
,Ain't that a click in the head,Make 100 octillion cookies from clicking.,574,https://cookieclicker.wiki.gg/wiki/Achievements
,What's not clicking,Make 10 nonillion cookies from clicking.,640,https://cookieclicker.wiki.gg/wiki/Achievements
,Click,Have 1 cursor .,34,https://cookieclicker.wiki.gg/wiki/Achievements
,Double-click,Have 2 cursors .,35,https://cookieclicker.wiki.gg/wiki/Achievements
,Mouse wheel,Have 50 cursors .,36,https://cookieclicker.wiki.gg/wiki/Achievements
,Of Mice and Men,Have 100 cursors .,37,https://cookieclicker.wiki.gg/wiki/Achievements
,The Digital,Have 200 cursors .,38,https://cookieclicker.wiki.gg/wiki/Achievements
,Extreme polydactyly,Have 300 cursors .,147,https://cookieclicker.wiki.gg/wiki/Achievements
,Dr. T,Have 400 cursors .,148,https://cookieclicker.wiki.gg/wiki/Achievements
,"Thumbs, phalanges, metacarpals","Have 500 cursors . ""& KNUCKLES""",246,https://cookieclicker.wiki.gg/wiki/Achievements
,With her finger and her thumb,Have 600 cursors .,398,https://cookieclicker.wiki.gg/wiki/Achievements
,Gotta hand it to you,Have 700 cursors .,474,https://cookieclicker.wiki.gg/wiki/Achievements
,The devil's workshop,Have 800 cursors .,493,https://cookieclicker.wiki.gg/wiki/Achievements
,All on deck,Have 900 cursors .,641,https://cookieclicker.wiki.gg/wiki/Achievements
,A round of applause,"Have 1000 cursors . ""Boy, are my arms tired!""",642,https://cookieclicker.wiki.gg/wiki/Achievements
,Click delegator,Make 10 quintillion cookies just from cursors.,134,https://cookieclicker.wiki.gg/wiki/Achievements
,Finger clickin' good,Make 100 septillion cookies just from cursors.,189,https://cookieclicker.wiki.gg/wiki/Achievements
,Click (starring Adam Sandler),Make 1 decillion cookies just from cursors.,293,https://cookieclicker.wiki.gg/wiki/Achievements
,Freaky jazz hands,Reach level 10 cursors.,307,https://cookieclicker.wiki.gg/wiki/Achievements
,Just wrong,"Sell a grandma. ""I thought you loved me.""",39,https://cookieclicker.wiki.gg/wiki/Achievements
,Elder,Own at least 7 grandma types.,81,https://cookieclicker.wiki.gg/wiki/Achievements
,Veteran,"Own at least 14 grandma types. ""14's a crowd!""",431,https://cookieclicker.wiki.gg/wiki/Achievements
,The elder scrolls,"Own a combined 777 grandmas and cursors. ""Let me guess. Someone stole your cookie.""",248,https://cookieclicker.wiki.gg/wiki/Achievements
,Grandma's cookies,Have 1 grandma .,40,https://cookieclicker.wiki.gg/wiki/Achievements
,Sloppy kisses,Have 50 grandmas .,41,https://cookieclicker.wiki.gg/wiki/Achievements
,Retirement home,Have 100 grandmas .,42,https://cookieclicker.wiki.gg/wiki/Achievements
,Friend of the ancients,Have 150 grandmas .,101,https://cookieclicker.wiki.gg/wiki/Achievements
,Ruler of the ancients,Have 200 grandmas .,102,https://cookieclicker.wiki.gg/wiki/Achievements
,The old never bothered me anyway,Have 250 grandmas .,149,https://cookieclicker.wiki.gg/wiki/Achievements
,The agemaster,Have 300 grandmas .,208,https://cookieclicker.wiki.gg/wiki/Achievements
,To oldly go,Have 350 grandmas .,209,https://cookieclicker.wiki.gg/wiki/Achievements
,Aged well,Have 400 grandmas .,338,https://cookieclicker.wiki.gg/wiki/Achievements
,101st birthday,Have 450 grandmas .,339,https://cookieclicker.wiki.gg/wiki/Achievements
,But wait 'til you get older,Have 500 grandmas .,340,https://cookieclicker.wiki.gg/wiki/Achievements
,Defense of the ancients,Have 550 grandmas .,399,https://cookieclicker.wiki.gg/wiki/Achievements
,Okay boomer,Have 600 grandmas .,475,https://cookieclicker.wiki.gg/wiki/Achievements
,They moistly come at night,Have 650 grandmas .,556,https://cookieclicker.wiki.gg/wiki/Achievements
,And now you're even older,Have 700 grandmas .,618,https://cookieclicker.wiki.gg/wiki/Achievements
,Gushing grannies,Make 10 quintillion cookies just from grandmas.,135,https://cookieclicker.wiki.gg/wiki/Achievements
,Panic at the bingo,Make 100 septillion cookies just from grandmas.,190,https://cookieclicker.wiki.gg/wiki/Achievements
,Frantiquities,Make 1 decillion cookies just from grandmas.,294,https://cookieclicker.wiki.gg/wiki/Achievements
,Methuselah,Reach level 10 grandmas.,308,https://cookieclicker.wiki.gg/wiki/Achievements
,Bought the farm,Have 1 farm .,43,https://cookieclicker.wiki.gg/wiki/Achievements
,Reap what you sow,Have 50 farms .,44,https://cookieclicker.wiki.gg/wiki/Achievements
,Farm ill,Have 100 farms .,45,https://cookieclicker.wiki.gg/wiki/Achievements
,Perfected agriculture,Have 150 farms .,115,https://cookieclicker.wiki.gg/wiki/Achievements
,Homegrown,Have 200 farms .,150,https://cookieclicker.wiki.gg/wiki/Achievements
,Gardener extraordinaire,Have 250 farms .,210,https://cookieclicker.wiki.gg/wiki/Achievements
,Seedy business,Have 300 farms .,250,https://cookieclicker.wiki.gg/wiki/Achievements
,You and the beanstalk,Have 350 farms .,281,https://cookieclicker.wiki.gg/wiki/Achievements
,Harvest moon,Have 400 farms .,341,https://cookieclicker.wiki.gg/wiki/Achievements
,Make like a tree,Have 450 farms .,354,https://cookieclicker.wiki.gg/wiki/Achievements
,Sharpest tool in the shed,Have 500 farms .,400,https://cookieclicker.wiki.gg/wiki/Achievements
,Overripe,Have 550 farms .,476,https://cookieclicker.wiki.gg/wiki/Achievements
,In the green,Have 600 farms .,494,https://cookieclicker.wiki.gg/wiki/Achievements
,It's grown on you,Have 650 farms .,557,https://cookieclicker.wiki.gg/wiki/Achievements
,Au naturel,Have 700 farms .,619,https://cookieclicker.wiki.gg/wiki/Achievements
,I hate manure,Make 100 trillion cookies just from farms.,136,https://cookieclicker.wiki.gg/wiki/Achievements
,Rake in the dough,Make 1 sextillion cookies just from farms.,191,https://cookieclicker.wiki.gg/wiki/Achievements
,Overgrowth,Make 10 octillion cookies just from farms.,295,https://cookieclicker.wiki.gg/wiki/Achievements
,Huge tracts of land,Reach level 10 farms.,309,https://cookieclicker.wiki.gg/wiki/Achievements
,You know the drill,Have 1 mine .,49,https://cookieclicker.wiki.gg/wiki/Achievements
,Excavation site,Have 50 mines .,50,https://cookieclicker.wiki.gg/wiki/Achievements
,Hollow the planet,Have 100 mines .,51,https://cookieclicker.wiki.gg/wiki/Achievements
,Can you dig it,Have 150 mines .,117,https://cookieclicker.wiki.gg/wiki/Achievements
,Center of the Earth,Have 200 mines .,152,https://cookieclicker.wiki.gg/wiki/Achievements
,Tectonic ambassador,Have 250 mines .,211,https://cookieclicker.wiki.gg/wiki/Achievements
,Freak fracking,Have 300 mines .,251,https://cookieclicker.wiki.gg/wiki/Achievements
,Romancing the stone,Have 350 mines .,282,https://cookieclicker.wiki.gg/wiki/Achievements
,Mine?,Have 400 mines .,342,https://cookieclicker.wiki.gg/wiki/Achievements
,Cave story,Have 450 mines .,355,https://cookieclicker.wiki.gg/wiki/Achievements
,"Hey now, you're a rock",Have 500 mines .,401,https://cookieclicker.wiki.gg/wiki/Achievements
,Rock on,Have 550 mines .,477,https://cookieclicker.wiki.gg/wiki/Achievements
,"Mountain out of a molehill, but like in a good way",Have 600 mines .,495,https://cookieclicker.wiki.gg/wiki/Achievements
,Don't let the walls cave in on you,Have 650 mines .,558,https://cookieclicker.wiki.gg/wiki/Achievements
,Dirt-rich,Have 700 mines .,620,https://cookieclicker.wiki.gg/wiki/Achievements
,Never dig down,Make 1 quadrillion cookies just from mines.,137,https://cookieclicker.wiki.gg/wiki/Achievements
,Quarry on,Make 10 sextillion cookies just from mines.,192,https://cookieclicker.wiki.gg/wiki/Achievements
,Sedimentalism,Make 100 octillion cookies just from mines.,296,https://cookieclicker.wiki.gg/wiki/Achievements
,D-d-d-d-deeper,Reach level 10 mines.,310,https://cookieclicker.wiki.gg/wiki/Achievements
,Production chain,Have 1 factory .,46,https://cookieclicker.wiki.gg/wiki/Achievements
,Industrial revolution,Have 50 factories .,47,https://cookieclicker.wiki.gg/wiki/Achievements
,Global warming,Have 100 factories .,48,https://cookieclicker.wiki.gg/wiki/Achievements
,Ultimate automation,Have 150 factories .,116,https://cookieclicker.wiki.gg/wiki/Achievements
,Technocracy,Have 200 factories .,151,https://cookieclicker.wiki.gg/wiki/Achievements
,Rise of the machines,Have 250 factories .,212,https://cookieclicker.wiki.gg/wiki/Achievements
,Modern times,Have 300 factories .,252,https://cookieclicker.wiki.gg/wiki/Achievements
,Ex machina,Have 350 factories .,283,https://cookieclicker.wiki.gg/wiki/Achievements
,In full gear,Have 400 factories .,343,https://cookieclicker.wiki.gg/wiki/Achievements
,In-cog-neato,Have 450 factories .,356,https://cookieclicker.wiki.gg/wiki/Achievements
,Break the mold,Have 500 factories .,402,https://cookieclicker.wiki.gg/wiki/Achievements
,Self-manmade man,Have 550 factories .,478,https://cookieclicker.wiki.gg/wiki/Achievements
,The wheels of progress,Have 600 factories .,496,https://cookieclicker.wiki.gg/wiki/Achievements
,Replaced by robots,Have 650 factories .,559,https://cookieclicker.wiki.gg/wiki/Achievements
,Bots build bots,Have 700 factories .,621,https://cookieclicker.wiki.gg/wiki/Achievements
,The incredible machine,Make 10 quadrillion cookies just from factories.,138,https://cookieclicker.wiki.gg/wiki/Achievements
,Yes I love technology,Make 100 sextillion cookies just from factories.,193,https://cookieclicker.wiki.gg/wiki/Achievements
,Labor of love,Make 1 nonillion cookies just from factories.,297,https://cookieclicker.wiki.gg/wiki/Achievements
,Patently genius,Reach level 10 factories.,311,https://cookieclicker.wiki.gg/wiki/Achievements
,Pretty penny,Have 1 bank .,171,https://cookieclicker.wiki.gg/wiki/Achievements
,Fit the bill,Have 50 banks .,172,https://cookieclicker.wiki.gg/wiki/Achievements
,A loan in the dark,Have 100 banks .,173,https://cookieclicker.wiki.gg/wiki/Achievements
,Need for greed,Have 150 banks .,174,https://cookieclicker.wiki.gg/wiki/Achievements
,"It's the economy, stupid",Have 200 banks .,175,https://cookieclicker.wiki.gg/wiki/Achievements
,Acquire currency,Have 250 banks .,213,https://cookieclicker.wiki.gg/wiki/Achievements
,The nerve of war,Have 300 banks .,253,https://cookieclicker.wiki.gg/wiki/Achievements
,And I need it now,Have 350 banks .,284,https://cookieclicker.wiki.gg/wiki/Achievements
,Treacle tart economics,Have 400 banks .,344,https://cookieclicker.wiki.gg/wiki/Achievements
,Save your breath because that's all you've got left,Have 450 banks .,357,https://cookieclicker.wiki.gg/wiki/Achievements
,"Get the show on, get paid",Have 500 banks .,403,https://cookieclicker.wiki.gg/wiki/Achievements
,Checks out,Have 550 banks .,479,https://cookieclicker.wiki.gg/wiki/Achievements
,That's rich,Have 600 banks .,497,https://cookieclicker.wiki.gg/wiki/Achievements
,Financial prodigy,"Have 650 banks . ""Imagine how it would be, to be at the top making cash money.""",560,https://cookieclicker.wiki.gg/wiki/Achievements
,Getting that bag,Have 700 banks .,622,https://cookieclicker.wiki.gg/wiki/Achievements
,Vested interest,Make 100 quadrillion cookies just from banks.,186,https://cookieclicker.wiki.gg/wiki/Achievements
,Paid in full,Make 1 septillion cookies just from banks.,194,https://cookieclicker.wiki.gg/wiki/Achievements
,Reverse funnel system,Make 10 nonillion cookies just from banks.,298,https://cookieclicker.wiki.gg/wiki/Achievements
,A capital idea,Reach level 10 banks.,312,https://cookieclicker.wiki.gg/wiki/Achievements
,Your time to shrine,Have 1 temple .,176,https://cookieclicker.wiki.gg/wiki/Achievements
,Shady sect,Have 50 temples .,177,https://cookieclicker.wiki.gg/wiki/Achievements
,New-age cult,Have 100 temples .,178,https://cookieclicker.wiki.gg/wiki/Achievements
,Organized religion,Have 150 temples .,179,https://cookieclicker.wiki.gg/wiki/Achievements
,Fanaticism,Have 200 temples .,180,https://cookieclicker.wiki.gg/wiki/Achievements
,Zealotry,Have 250 temples .,214,https://cookieclicker.wiki.gg/wiki/Achievements
,Wololo,Have 300 temples .,254,https://cookieclicker.wiki.gg/wiki/Achievements
,Pray on the weak,Have 350 temples .,285,https://cookieclicker.wiki.gg/wiki/Achievements
,"Holy cookies, grandma!",Have 400 temples .,345,https://cookieclicker.wiki.gg/wiki/Achievements
,Vengeful and almighty,Have 450 temples .,358,https://cookieclicker.wiki.gg/wiki/Achievements
,"My world's on fire, how about yours",Have 500 temples .,404,https://cookieclicker.wiki.gg/wiki/Achievements
,Living on a prayer,Have 550 temples .,480,https://cookieclicker.wiki.gg/wiki/Achievements
,Preaches and cream,Have 600 temples .,498,https://cookieclicker.wiki.gg/wiki/Achievements
,And I will pray to a big god,Have 650 temples .,561,https://cookieclicker.wiki.gg/wiki/Achievements
,"The leader is good, the leader is great",Have 700 temples .,623,https://cookieclicker.wiki.gg/wiki/Achievements
,New world order,Make 1 quintillion cookies just from temples.,187,https://cookieclicker.wiki.gg/wiki/Achievements
,Church of cookiology,Make 10 septillion cookies just from temples.,195,https://cookieclicker.wiki.gg/wiki/Achievements
,Thus spoke you,Make 100 nonillion cookies just from temples.,299,https://cookieclicker.wiki.gg/wiki/Achievements
,It belongs in a bakery,Reach level 10 temples.,313,https://cookieclicker.wiki.gg/wiki/Achievements
,Bewitched,Have 1 wizard tower .,181,https://cookieclicker.wiki.gg/wiki/Achievements
,The sorcerer's apprentice,Have 50 wizard towers .,182,https://cookieclicker.wiki.gg/wiki/Achievements
,Charms and enchantments,Have 100 wizard towers .,183,https://cookieclicker.wiki.gg/wiki/Achievements
,Curses and maledictions,Have 150 wizard towers .,184,https://cookieclicker.wiki.gg/wiki/Achievements
,Magic kingdom,Have 200 wizard towers .,185,https://cookieclicker.wiki.gg/wiki/Achievements
,The wizarding world,Have 250 wizard towers .,215,https://cookieclicker.wiki.gg/wiki/Achievements
,"And now for my next trick, I'll need a volunteer from the audience",Have 300 wizard towers .,255,https://cookieclicker.wiki.gg/wiki/Achievements
,It's a kind of magic,Have 350 wizard towers .,286,https://cookieclicker.wiki.gg/wiki/Achievements
,The Prestige,"Have 400 wizard towers . ""(Unrelated to the Cookie Clicker feature of the same name.)""",346,https://cookieclicker.wiki.gg/wiki/Achievements
,Spell it out for you,Have 450 wizard towers .,359,https://cookieclicker.wiki.gg/wiki/Achievements
,The meteor men beg to differ,Have 500 wizard towers .,405,https://cookieclicker.wiki.gg/wiki/Achievements
,Higitus figitus migitus mum,Have 550 wizard towers .,481,https://cookieclicker.wiki.gg/wiki/Achievements
,Magic thinking,Have 600 wizard towers .,499,https://cookieclicker.wiki.gg/wiki/Achievements
,Shosple Colupis,Have 650 wizard towers .,562,https://cookieclicker.wiki.gg/wiki/Achievements
,You don't think they could've used... it couldn't have been ma-,Have 700 wizard towers .,624,https://cookieclicker.wiki.gg/wiki/Achievements
,Hocus Pocus,Make 10 quintillion cookies just from wizard towers.,188,https://cookieclicker.wiki.gg/wiki/Achievements
,"Too many rabbits, not enough hats",Make 100 septillion cookies just from wizard towers.,196,https://cookieclicker.wiki.gg/wiki/Achievements
,Manafest destiny,Make 1 decillion cookies just from wizard towers.,300,https://cookieclicker.wiki.gg/wiki/Achievements
,Motormouth,Reach level 10 wizard towers.,314,https://cookieclicker.wiki.gg/wiki/Achievements
,Expedition,Have 1 shipment .,52,https://cookieclicker.wiki.gg/wiki/Achievements
,Galactic highway,Have 50 shipments .,53,https://cookieclicker.wiki.gg/wiki/Achievements
,Far far away,Have 100 shipments .,54,https://cookieclicker.wiki.gg/wiki/Achievements
,Type II civilization,Have 150 shipments .,118,https://cookieclicker.wiki.gg/wiki/Achievements
,We come in peace,Have 200 shipments .,153,https://cookieclicker.wiki.gg/wiki/Achievements
,Parsec-masher,Have 250 shipments .,216,https://cookieclicker.wiki.gg/wiki/Achievements
,It's not delivery,Have 300 shipments .,256,https://cookieclicker.wiki.gg/wiki/Achievements
,Make it so,Have 350 shipments .,287,https://cookieclicker.wiki.gg/wiki/Achievements
,That's just peanuts to space,Have 400 shipments .,347,https://cookieclicker.wiki.gg/wiki/Achievements
,Space space space space space,"Have 450 shipments . ""It's too far away...""",360,https://cookieclicker.wiki.gg/wiki/Achievements
,Only shooting stars,Have 500 shipments .,406,https://cookieclicker.wiki.gg/wiki/Achievements
,The incredible journey,Have 550 shipments .,482,https://cookieclicker.wiki.gg/wiki/Achievements
,Is there life on Mars?,"Have 600 shipments . ""Yes, there is. You're currently using it as filling in experimental flavor prototype #810657.""",500,https://cookieclicker.wiki.gg/wiki/Achievements
,False vacuum,Have 650 shipments .,563,https://cookieclicker.wiki.gg/wiki/Achievements
,"Signed, sealed, delivered",Have 700 shipments .,625,https://cookieclicker.wiki.gg/wiki/Achievements
,And beyond,Make 100 quintillion cookies just from shipments.,139,https://cookieclicker.wiki.gg/wiki/Achievements
,The most precious cargo,Make 1 octillion cookies just from shipments.,197,https://cookieclicker.wiki.gg/wiki/Achievements
,Neither snow nor rain nor heat nor gloom of night,Make 10 decillion cookies just from shipments.,301,https://cookieclicker.wiki.gg/wiki/Achievements
,Been there done that,Reach level 10 shipments.,315,https://cookieclicker.wiki.gg/wiki/Achievements
,Transmutation,Have 1 alchemy lab .,55,https://cookieclicker.wiki.gg/wiki/Achievements
,Transmogrification,Have 50 alchemy labs .,56,https://cookieclicker.wiki.gg/wiki/Achievements
,Gold member,Have 100 alchemy labs .,57,https://cookieclicker.wiki.gg/wiki/Achievements
,Gild wars,Have 150 alchemy labs .,119,https://cookieclicker.wiki.gg/wiki/Achievements
,The secrets of the universe,Have 200 alchemy labs .,154,https://cookieclicker.wiki.gg/wiki/Achievements
,The work of a lifetime,Have 250 alchemy labs .,217,https://cookieclicker.wiki.gg/wiki/Achievements
,"Gold, Jerry! Gold!",Have 300 alchemy labs .,257,https://cookieclicker.wiki.gg/wiki/Achievements
,All that glitters is gold,Have 350 alchemy labs .,288,https://cookieclicker.wiki.gg/wiki/Achievements
,Worth its weight in lead,Have 400 alchemy labs .,348,https://cookieclicker.wiki.gg/wiki/Achievements
,"Don't get used to yourself, you're gonna have to change",Have 450 alchemy labs .,361,https://cookieclicker.wiki.gg/wiki/Achievements
,We could all use a little change,Have 500 alchemy labs .,407,https://cookieclicker.wiki.gg/wiki/Achievements
,Just a phase,Have 550 alchemy labs .,483,https://cookieclicker.wiki.gg/wiki/Achievements
,Bad chemistry,Have 600 alchemy labs .,501,https://cookieclicker.wiki.gg/wiki/Achievements
,Metallic taste,Have 650 alchemy labs .,564,https://cookieclicker.wiki.gg/wiki/Achievements
,"Sugar, spice, and everything nice","Have 700 alchemy labs . ""These were the ingredients chosen to create the perfect cookies.""",626,https://cookieclicker.wiki.gg/wiki/Achievements
,Magnum Opus,Make 1 sextillion cookies just from alchemy labs.,140,https://cookieclicker.wiki.gg/wiki/Achievements
,The Aureate,Make 10 octillion cookies just from alchemy labs.,198,https://cookieclicker.wiki.gg/wiki/Achievements
,I've got the Midas touch,Make 100 decillion cookies just from alchemy labs.,302,https://cookieclicker.wiki.gg/wiki/Achievements
,Phlogisticated substances,Reach level 10 alchemy labs.,316,https://cookieclicker.wiki.gg/wiki/Achievements
,A whole new world,Have 1 portal .,58,https://cookieclicker.wiki.gg/wiki/Achievements
,Now you're thinking,Have 50 portals .,59,https://cookieclicker.wiki.gg/wiki/Achievements
,Dimensional shift,Have 100 portals .,60,https://cookieclicker.wiki.gg/wiki/Achievements
,Brain-split,Have 150 portals .,120,https://cookieclicker.wiki.gg/wiki/Achievements
,Realm of the Mad God,Have 200 portals .,155,https://cookieclicker.wiki.gg/wiki/Achievements
,A place lost in time,Have 250 portals .,218,https://cookieclicker.wiki.gg/wiki/Achievements
,Forbidden zone,Have 300 portals .,258,https://cookieclicker.wiki.gg/wiki/Achievements
,2.0034-2.031 2.04+/2.048+ (Steam/Web) H̸̷͓̳̳̯̟͕̟͍͍̣͡ḛ̢̦̰̺̮̝͖͖̘̪͉͘͡ ̠̦͕̤̪̝̥̰̠̫̖̣͙̬͘ͅC̨̦̺̩̲̥͉̭͚̜̻̝̣̼͙̮̯̪o̴̡͇̘͎̞̲͇̦̲͞͡m̸̩̺̝̣̹̱͚̬̥̫̳̼̞̘̯͘ͅẹ͇̺̜́̕͢s̶̙̟̱̥̮̯̰̦͓͇͖͖̝͘͘͞ Here he comes,2.0034-2.031,2.04+/2.048+ (Steam/Web),https://cookieclicker.wiki.gg/wiki/Achievements
,What happens in the vortex stays in the vortex,Have 400 portals .,349,https://cookieclicker.wiki.gg/wiki/Achievements
,Objects in the mirror dimension are closer than they appear,Have 450 portals .,362,https://cookieclicker.wiki.gg/wiki/Achievements
,Your brain gets smart but your head gets dumb,Have 500 portals .,408,https://cookieclicker.wiki.gg/wiki/Achievements
,"Don't let me leave, Murph",Have 550 portals .,484,https://cookieclicker.wiki.gg/wiki/Achievements
,Reduced to gibbering heaps,Have 600 portals .,502,https://cookieclicker.wiki.gg/wiki/Achievements
,Swiss cheese,Have 650 portals .,565,https://cookieclicker.wiki.gg/wiki/Achievements
,Not even remotely close to Kansas anymore,Have 700 portals .,627,https://cookieclicker.wiki.gg/wiki/Achievements
,With strange eons,Make 10 sextillion cookies just from portals.,141,https://cookieclicker.wiki.gg/wiki/Achievements
,Ever more hideous,Make 100 octillion cookies just from portals.,199,https://cookieclicker.wiki.gg/wiki/Achievements
,Which eternal lie,Make 1 undecillion cookies just from portals.,303,https://cookieclicker.wiki.gg/wiki/Achievements
,Bizarro world,Reach level 10 portals.,317,https://cookieclicker.wiki.gg/wiki/Achievements
,Time warp,Have 1 time machine .,61,https://cookieclicker.wiki.gg/wiki/Achievements
,Alternate timeline,Have 50 time machines .,62,https://cookieclicker.wiki.gg/wiki/Achievements
,Rewriting history,Have 100 time machines .,63,https://cookieclicker.wiki.gg/wiki/Achievements
,Time duke,Have 150 time machines .,121,https://cookieclicker.wiki.gg/wiki/Achievements
,Forever and ever,Have 200 time machines .,156,https://cookieclicker.wiki.gg/wiki/Achievements
,Heat death,Have 250 time machines .,219,https://cookieclicker.wiki.gg/wiki/Achievements
,"cookie clicker forever and forever a hundred years cookie clicker, all day long forever, forever a hundred times, over and over cookie clicker adventures dot com",Have 300 time machines .,259,https://cookieclicker.wiki.gg/wiki/Achievements
,Way back then,Have 350 time machines .,290,https://cookieclicker.wiki.gg/wiki/Achievements
,Invited to yesterday's party,Have 400 time machines .,350,https://cookieclicker.wiki.gg/wiki/Achievements
,Groundhog day,Have 450 time machines .,363,https://cookieclicker.wiki.gg/wiki/Achievements
,The years start coming,Have 500 time machines .,409,https://cookieclicker.wiki.gg/wiki/Achievements
,Caveman to cosmos,Have 550 time machines .,485,https://cookieclicker.wiki.gg/wiki/Achievements
,Back already?,Have 600 time machines .,503,https://cookieclicker.wiki.gg/wiki/Achievements
,But the future refused to change,Have 650 time machines .,566,https://cookieclicker.wiki.gg/wiki/Achievements
,I only meant to stay a while,Have 700 time machines .,628,https://cookieclicker.wiki.gg/wiki/Achievements
,Spacetime jigamaroo,Make 100 sextillion cookies just from time machines.,142,https://cookieclicker.wiki.gg/wiki/Achievements
,"Be kind, rewind",Make 1 nonillion cookies just from time machines.,200,https://cookieclicker.wiki.gg/wiki/Achievements
,Déjà vu,Make 10 undecillion cookies just from time machines.,304,https://cookieclicker.wiki.gg/wiki/Achievements
,The long now,Reach level 10 time machines.,318,https://cookieclicker.wiki.gg/wiki/Achievements
,Antibatter,Have 1 antimatter condenser .,87,https://cookieclicker.wiki.gg/wiki/Achievements
,Quirky quarks,Have 50 antimatter condensers .,88,https://cookieclicker.wiki.gg/wiki/Achievements
,It does matter!,Have 100 antimatter condensers .,89,https://cookieclicker.wiki.gg/wiki/Achievements
,Molecular maestro,Have 150 antimatter condensers .,122,https://cookieclicker.wiki.gg/wiki/Achievements
,Walk the planck,Have 200 antimatter condensers .,157,https://cookieclicker.wiki.gg/wiki/Achievements
,Microcosm,Have 250 antimatter condensers .,220,https://cookieclicker.wiki.gg/wiki/Achievements
,Scientists baffled everywhere,Have 300 antimatter condensers .,260,https://cookieclicker.wiki.gg/wiki/Achievements
,Exotic matter,Have 350 antimatter condensers .,291,https://cookieclicker.wiki.gg/wiki/Achievements
,Downsizing,Have 400 antimatter condensers .,351,https://cookieclicker.wiki.gg/wiki/Achievements
,A matter of perspective,Have 450 antimatter condensers .,364,https://cookieclicker.wiki.gg/wiki/Achievements
,What a concept,Have 500 antimatter condensers .,410,https://cookieclicker.wiki.gg/wiki/Achievements
,Particular tastes,Have 550 antimatter condensers .,486,https://cookieclicker.wiki.gg/wiki/Achievements
,Nuclear throne,Have 600 antimatter condensers .,504,https://cookieclicker.wiki.gg/wiki/Achievements
,What's the dark matter with you,Have 650 antimatter condensers .,567,https://cookieclicker.wiki.gg/wiki/Achievements
,Not 20 years away forever,Have 700 antimatter condensers .,629,https://cookieclicker.wiki.gg/wiki/Achievements
,Supermassive,Make 1 septillion cookies just from antimatter condensers.,143,https://cookieclicker.wiki.gg/wiki/Achievements
,Infinitesimal,Make 10 nonillion cookies just from antimatter condensers.,201,https://cookieclicker.wiki.gg/wiki/Achievements
,Powers of ten,Make 100 undecillion cookies just from antimatter condensers.,305,https://cookieclicker.wiki.gg/wiki/Achievements
,Chubby hadrons,Reach level 10 antimatter condensers.,319,https://cookieclicker.wiki.gg/wiki/Achievements
,Lone photon,Have 1 prism .,123,https://cookieclicker.wiki.gg/wiki/Achievements
,Dazzling glimmer,Have 50 prisms .,124,https://cookieclicker.wiki.gg/wiki/Achievements
,Blinding flash,Have 100 prisms .,125,https://cookieclicker.wiki.gg/wiki/Achievements
,Unending glow,Have 150 prisms .,126,https://cookieclicker.wiki.gg/wiki/Achievements
,Rise and shine,Have 200 prisms .,158,https://cookieclicker.wiki.gg/wiki/Achievements
,Bright future,Have 250 prisms .,221,https://cookieclicker.wiki.gg/wiki/Achievements
,Harmony of the spheres,Have 300 prisms .,261,https://cookieclicker.wiki.gg/wiki/Achievements
,At the end of the tunnel,Have 350 prisms .,292,https://cookieclicker.wiki.gg/wiki/Achievements
,My eyes,Have 400 prisms .,352,https://cookieclicker.wiki.gg/wiki/Achievements
,Optical illusion,Have 450 prisms .,365,https://cookieclicker.wiki.gg/wiki/Achievements
,You'll never shine if you don't glow,Have 500 prisms .,411,https://cookieclicker.wiki.gg/wiki/Achievements
,A light snack,Have 550 prisms .,487,https://cookieclicker.wiki.gg/wiki/Achievements
,Making light of the situation,Have 600 prisms .,505,https://cookieclicker.wiki.gg/wiki/Achievements
,Enlightenment,Have 650 prisms .,568,https://cookieclicker.wiki.gg/wiki/Achievements
,Bright side of the Moon,Have 700 prisms .,630,https://cookieclicker.wiki.gg/wiki/Achievements
,Praise the sun,Make 10 septillion cookies just from prisms.,144,https://cookieclicker.wiki.gg/wiki/Achievements
,A still more glorious dawn,Make 100 nonillion cookies just from prisms.,202,https://cookieclicker.wiki.gg/wiki/Achievements
,Now the dark days are gone,Make 1 duodecillion cookies just from prisms.,306,https://cookieclicker.wiki.gg/wiki/Achievements
,Palettable,Reach level 10 prisms.,320,https://cookieclicker.wiki.gg/wiki/Achievements
,Lucked out,Have 1 chancemaker .,325,https://cookieclicker.wiki.gg/wiki/Achievements
,What are the odds,Have 50 chancemakers .,326,https://cookieclicker.wiki.gg/wiki/Achievements
,Grandma needs a new pair of shoes,Have 100 chancemakers .,327,https://cookieclicker.wiki.gg/wiki/Achievements
,"Million to one shot, doc",Have 150 chancemakers .,328,https://cookieclicker.wiki.gg/wiki/Achievements
,As luck would have it,Have 200 chancemakers .,329,https://cookieclicker.wiki.gg/wiki/Achievements
,Ever in your favor,Have 250 chancemakers .,330,https://cookieclicker.wiki.gg/wiki/Achievements
,Be a lady,Have 300 chancemakers .,331,https://cookieclicker.wiki.gg/wiki/Achievements
,Dicey business,Have 350 chancemakers .,332,https://cookieclicker.wiki.gg/wiki/Achievements
,"Maybe a chance in hell, actually",Have 400 chancemakers .,353,https://cookieclicker.wiki.gg/wiki/Achievements
,Jackpot,Have 450 chancemakers .,366,https://cookieclicker.wiki.gg/wiki/Achievements
,You'll never know if you don't go,Have 500 chancemakers .,412,https://cookieclicker.wiki.gg/wiki/Achievements
,Tempting fate,Have 550 chancemakers .,488,https://cookieclicker.wiki.gg/wiki/Achievements
,"Flip a cookie. Chips, I win. Crust, you lose.",Have 600 chancemakers .,506,https://cookieclicker.wiki.gg/wiki/Achievements
,Never tell me the odds,Have 650 chancemakers .,569,https://cookieclicker.wiki.gg/wiki/Achievements
,Riding the Mersenne twister,Have 700 chancemakers .,631,https://cookieclicker.wiki.gg/wiki/Achievements
,Fingers crossed,Make 100 septillion cookies just from chancemakers.,333,https://cookieclicker.wiki.gg/wiki/Achievements
,Just a statistic,Make 1 decillion cookies just from chancemakers.,334,https://cookieclicker.wiki.gg/wiki/Achievements
,Murphy's wild guess,Make 10 duodecillion cookies just from chancemakers.,335,https://cookieclicker.wiki.gg/wiki/Achievements
,Let's leaf it at that,Reach level 10 chancemakers.,336,https://cookieclicker.wiki.gg/wiki/Achievements
,Self-contained,Have 1 fractal engine .,413,https://cookieclicker.wiki.gg/wiki/Achievements
,Threw you for a loop,Have 50 fractal engines .,414,https://cookieclicker.wiki.gg/wiki/Achievements
,The sum of its parts,Have 100 fractal engines .,415,https://cookieclicker.wiki.gg/wiki/Achievements
,Bears repeating,Have 150 fractal engines .,416,https://cookieclicker.wiki.gg/wiki/Achievements
,More of the same,Have 200 fractal engines .,417,https://cookieclicker.wiki.gg/wiki/Achievements
,Last recurse,Have 250 fractal engines .,418,https://cookieclicker.wiki.gg/wiki/Achievements
,"Out of one, many",Have 300 fractal engines .,419,https://cookieclicker.wiki.gg/wiki/Achievements
,An example of recursion,Have 350 fractal engines .,420,https://cookieclicker.wiki.gg/wiki/Achievements
,"For more information on this achievement, please refer to its title",Have 400 fractal engines .,421,https://cookieclicker.wiki.gg/wiki/Achievements
,"I'm so meta, even this achievement",Have 450 fractal engines .,422,https://cookieclicker.wiki.gg/wiki/Achievements
,Never get bored,Have 500 fractal engines .,423,https://cookieclicker.wiki.gg/wiki/Achievements
,Tautological,Have 550 fractal engines .,489,https://cookieclicker.wiki.gg/wiki/Achievements
,In and of itself,Have 600 fractal engines .,507,https://cookieclicker.wiki.gg/wiki/Achievements
,Blowing an Apollonian gasket,Have 650 fractal engines .,570,https://cookieclicker.wiki.gg/wiki/Achievements
,Divide and conquer,Have 700 fractal engines .,632,https://cookieclicker.wiki.gg/wiki/Achievements
,The needs of the many,Make 1 octillion cookies just from fractal engines.,424,https://cookieclicker.wiki.gg/wiki/Achievements
,Eating its own,Make 10 decillion cookies just from fractal engines.,425,https://cookieclicker.wiki.gg/wiki/Achievements
,We must go deeper,Make 100 duodecillion cookies just from fractal engines.,426,https://cookieclicker.wiki.gg/wiki/Achievements
,Sierpinski rhomboids,Reach level 10 fractal engines.,427,https://cookieclicker.wiki.gg/wiki/Achievements
,F12,Have 1 javascript console .,433,https://cookieclicker.wiki.gg/wiki/Achievements
,Variable success,Have 50 javascript consoles .,434,https://cookieclicker.wiki.gg/wiki/Achievements
,No comments,Have 100 javascript consoles .,435,https://cookieclicker.wiki.gg/wiki/Achievements
,Up to code,Have 150 javascript consoles .,436,https://cookieclicker.wiki.gg/wiki/Achievements
,Works on my machine,Have 200 javascript consoles .,437,https://cookieclicker.wiki.gg/wiki/Achievements
,Technical debt,Have 250 javascript consoles .,438,https://cookieclicker.wiki.gg/wiki/Achievements
,Mind your language,Have 300 javascript consoles .,439,https://cookieclicker.wiki.gg/wiki/Achievements
,Inconsolable,Have 350 javascript consoles .,440,https://cookieclicker.wiki.gg/wiki/Achievements
,Closure,Have 400 javascript consoles .,441,https://cookieclicker.wiki.gg/wiki/Achievements
,Dude what if we're all living in a simulation like what if we're all just code on a computer somewhere,Have 450 javascript consoles .,442,https://cookieclicker.wiki.gg/wiki/Achievements
,Taking the back streets,Have 500 javascript consoles .,443,https://cookieclicker.wiki.gg/wiki/Achievements
,Curly braces,"Have 550 javascript consoles . ""Or as the French call them, mustache boxes. Go well with quotes.""",490,https://cookieclicker.wiki.gg/wiki/Achievements
,Duck typing,"Have 600 javascript consoles . ""Hello, this is a duck typing. Got any grapes?""",508,https://cookieclicker.wiki.gg/wiki/Achievements
,Get with the program,Have 650 javascript consoles .,571,https://cookieclicker.wiki.gg/wiki/Achievements
,Pebcakes,"Have 700 javascript consoles . ""Problem exists in my mouth!""",633,https://cookieclicker.wiki.gg/wiki/Achievements
,Inherited prototype,Make 10 octillion cookies just from javascript consoles.,444,https://cookieclicker.wiki.gg/wiki/Achievements
,A model of document object,Make 100 decillion cookies just from javascript consoles.,445,https://cookieclicker.wiki.gg/wiki/Achievements
,First-class citizen,Make 1 tredecillion cookies just from javascript consoles.,446,https://cookieclicker.wiki.gg/wiki/Achievements
,Alexandria,Reach level 10 javascript consoles.,447,https://cookieclicker.wiki.gg/wiki/Achievements
,They'll never know what hit 'em,Have 1 idleverse .,509,https://cookieclicker.wiki.gg/wiki/Achievements
,Well-versed,Have 50 idleverses .,510,https://cookieclicker.wiki.gg/wiki/Achievements
,Ripe for the picking,Have 100 idleverses .,511,https://cookieclicker.wiki.gg/wiki/Achievements
,Unreal,Have 150 idleverses .,512,https://cookieclicker.wiki.gg/wiki/Achievements
,Once you've seen one,Have 200 idleverses .,513,https://cookieclicker.wiki.gg/wiki/Achievements
,Spoils and plunder,Have 250 idleverses .,514,https://cookieclicker.wiki.gg/wiki/Achievements
,"Nobody exists on purpose, nobody belongs anywhere","Have 300 idleverses . ""Come watch TV?""",515,https://cookieclicker.wiki.gg/wiki/Achievements
,Hyperspace expressway,Have 350 idleverses .,516,https://cookieclicker.wiki.gg/wiki/Achievements
,Versatile,Have 400 idleverses .,517,https://cookieclicker.wiki.gg/wiki/Achievements
,You are inevitable,Have 450 idleverses .,518,https://cookieclicker.wiki.gg/wiki/Achievements
,Away from this place,Have 500 idleverses .,519,https://cookieclicker.wiki.gg/wiki/Achievements
,Everywhere at once,Have 550 idleverses .,520,https://cookieclicker.wiki.gg/wiki/Achievements
,"Reject reality, substitute your own",Have 600 idleverses .,521,https://cookieclicker.wiki.gg/wiki/Achievements
,Lost your cosmic marbles,Have 650 idleverses .,572,https://cookieclicker.wiki.gg/wiki/Achievements
,Greener on the other sides,Have 700 idleverses .,634,https://cookieclicker.wiki.gg/wiki/Achievements
,Fringe,Make 100 octillion cookies just from idleverses.,522,https://cookieclicker.wiki.gg/wiki/Achievements
,Coherence,Make 1 undecillion cookies just from idleverses.,523,https://cookieclicker.wiki.gg/wiki/Achievements
,Earth-616,Make 10 tredecillion cookies just from idleverses.,524,https://cookieclicker.wiki.gg/wiki/Achievements
,Strange topologies,Reach level 10 idleverses.,525,https://cookieclicker.wiki.gg/wiki/Achievements
,It's big brain time,Have 1 cortex baker .,539,https://cookieclicker.wiki.gg/wiki/Achievements
,Just my imagination,Have 50 cortex bakers .,540,https://cookieclicker.wiki.gg/wiki/Achievements
,Now there's an idea,Have 100 cortex bakers .,541,https://cookieclicker.wiki.gg/wiki/Achievements
,The organ that named itself,Have 150 cortex bakers .,542,https://cookieclicker.wiki.gg/wiki/Achievements
,Gyrification,Have 200 cortex bakers .,543,https://cookieclicker.wiki.gg/wiki/Achievements
,"A trademarked portmanteau of ""imagination"" and ""engineering""",Have 250 cortex bakers .,544,https://cookieclicker.wiki.gg/wiki/Achievements
,Mindfulness,Have 300 cortex bakers .,545,https://cookieclicker.wiki.gg/wiki/Achievements
,The 10% myth,Have 350 cortex bakers .,546,https://cookieclicker.wiki.gg/wiki/Achievements
,Don't think about it too hard,Have 400 cortex bakers .,547,https://cookieclicker.wiki.gg/wiki/Achievements
,Though fool seldom differ,Have 450 cortex bakers .,548,https://cookieclicker.wiki.gg/wiki/Achievements
,Looking kind of dumb,Have 500 cortex bakers .,549,https://cookieclicker.wiki.gg/wiki/Achievements
,A beautiful mind,Have 550 cortex bakers .,550,https://cookieclicker.wiki.gg/wiki/Achievements
,Cardinal synapses,Have 600 cortex bakers .,551,https://cookieclicker.wiki.gg/wiki/Achievements
,By will alone I set my mind in motion,Have 650 cortex bakers .,573,https://cookieclicker.wiki.gg/wiki/Achievements
,Where is my mind,Have 700 cortex bakers .,635,https://cookieclicker.wiki.gg/wiki/Achievements
,Positive thinking,Make 1 nonillion cookies just from cortex bakers.,552,https://cookieclicker.wiki.gg/wiki/Achievements
,The thought that counts,Make 10 undecillion cookies just from cortex bakers.,553,https://cookieclicker.wiki.gg/wiki/Achievements
,Unthinkable,Make 100 tredecillion cookies just from cortex bakers.,554,https://cookieclicker.wiki.gg/wiki/Achievements
,Gifted,Reach level 10 cortex bakers.,555,https://cookieclicker.wiki.gg/wiki/Achievements
,My own clone,Have 1 You .,600,https://cookieclicker.wiki.gg/wiki/Achievements
,Multiplicity,Have 50 You .,601,https://cookieclicker.wiki.gg/wiki/Achievements
,Born for this job,Have 100 You .,602,https://cookieclicker.wiki.gg/wiki/Achievements
,Episode II,Have 150 You .,603,https://cookieclicker.wiki.gg/wiki/Achievements
,Copy that,Have 200 You .,604,https://cookieclicker.wiki.gg/wiki/Achievements
,Life finds a way,Have 250 You .,605,https://cookieclicker.wiki.gg/wiki/Achievements
,Overcrowding,Have 300 You .,606,https://cookieclicker.wiki.gg/wiki/Achievements
,Strength in numbers,Have 350 You .,607,https://cookieclicker.wiki.gg/wiki/Achievements
,Army of me,Have 400 You .,608,https://cookieclicker.wiki.gg/wiki/Achievements
,Know thyself,"Have 450 You . ""Do you ever look at yourself in the mirror and wonder... What is going on inside your head?""",609,https://cookieclicker.wiki.gg/wiki/Achievements
,Didn't make sense not to live,Have 500 You .,610,https://cookieclicker.wiki.gg/wiki/Achievements
,Genetic bottleneck,Have 550 You .,611,https://cookieclicker.wiki.gg/wiki/Achievements
,"Despite everything, it's still you",Have 600 You .,612,https://cookieclicker.wiki.gg/wiki/Achievements
,Everyone everywhere all at once,Have 650 You .,613,https://cookieclicker.wiki.gg/wiki/Achievements
,Introspection,Have 700 You .,636,https://cookieclicker.wiki.gg/wiki/Achievements
,Self-made,Make 10 nonillion cookies just from You.,614,https://cookieclicker.wiki.gg/wiki/Achievements
,Reproducible results,Make 100 undecillion cookies just from You.,615,https://cookieclicker.wiki.gg/wiki/Achievements
,That's all you,Make 1 quattuordecillion cookies just from You.,616,https://cookieclicker.wiki.gg/wiki/Achievements
,Self-improvement,Reach level 10 You.,617,https://cookieclicker.wiki.gg/wiki/Achievements
,Builder,Own 100 buildings .,72,https://cookieclicker.wiki.gg/wiki/Achievements
,Architect,Own 500 buildings .,73,https://cookieclicker.wiki.gg/wiki/Achievements
,Engineer,"Own 1,000 buildings .",83,https://cookieclicker.wiki.gg/wiki/Achievements
,Lord of Constructs,"Own 2,500 buildings . ""He saw the vast plains stretching ahead of him, and he said : let there be civilization.""",127,https://cookieclicker.wiki.gg/wiki/Achievements
,Grand design,"Own 5,000 buildings . ""They'll remember you forever!""",526,https://cookieclicker.wiki.gg/wiki/Achievements
,Ecumenopolis,"Own 7,500 buildings . ""Getting a wee bit cramped.""",527,https://cookieclicker.wiki.gg/wiki/Achievements
,Myriad,"Own 10,000 buildings . ""At this point, most of your assets lie in real estate.""",581,https://cookieclicker.wiki.gg/wiki/Achievements
,Enhancer,Purchase 20 upgrades .,74,https://cookieclicker.wiki.gg/wiki/Achievements
,Augmenter,Purchase 50 upgrades .,75,https://cookieclicker.wiki.gg/wiki/Achievements
,Upgrader,Purchase 100 upgrades .,90,https://cookieclicker.wiki.gg/wiki/Achievements
,Lord of Progress,"Purchase 200 upgrades . ""One can always do better. But should you?""",128,https://cookieclicker.wiki.gg/wiki/Achievements
,The full picture,"Purchase 300 upgrades . ""So that's where that fits in!""",528,https://cookieclicker.wiki.gg/wiki/Achievements
,When there's nothing left to add,"Purchase 400 upgrades . ""...keep going.""",529,https://cookieclicker.wiki.gg/wiki/Achievements
,Kaizen,"Purchase 500 upgrades . ""Just a little more.""",582,https://cookieclicker.wiki.gg/wiki/Achievements
,Beyond quality,"Purchase 600 upgrades . ""Dwarfing all of mankind's accomplishments.""",583,https://cookieclicker.wiki.gg/wiki/Achievements
,Oft we mar what's well,"Purchase 700 upgrades . ""But don't let that stop you!""",638,https://cookieclicker.wiki.gg/wiki/Achievements
,All the stars in heaven,Own 100 heavenly upgrades.,588,https://cookieclicker.wiki.gg/wiki/Achievements
,Polymath,"Own 300 upgrades and 4,000 buildings. ""Excellence doesn't happen overnight - it usually takes a good couple days.""",247,https://cookieclicker.wiki.gg/wiki/Achievements
,Renaissance baker,"Own 400 upgrades and 8,000 buildings. ""If you have seen further, it is by standing on the shoulders of giants - a mysterious species of towering humanoids until now thought long-extinct.""",430,https://cookieclicker.wiki.gg/wiki/Achievements
,One with everything,Have at least 1 of every building.,64,https://cookieclicker.wiki.gg/wiki/Achievements
,Mathematician,"Have at least 1 of the most expensive building, 2 of the second-most expensive, 4 of the next and so on (capped at 128).",65,https://cookieclicker.wiki.gg/wiki/Achievements
,Base 10,"Have at least 10 of the most expensive building, 20 of the second-most expensive, 30 of the next and so on.",66,https://cookieclicker.wiki.gg/wiki/Achievements
,Centennial,Have at least 100 of everything .,91,https://cookieclicker.wiki.gg/wiki/Achievements
,Centennial and a half,Have at least 150 of everything .,131,https://cookieclicker.wiki.gg/wiki/Achievements
,Bicentennial,"Have at least 200 of everything . ""You crazy person.""",129,https://cookieclicker.wiki.gg/wiki/Achievements
,Bicentennial and a half,"Have at least 250 of everything . ""Keep on truckin'.""",242,https://cookieclicker.wiki.gg/wiki/Achievements
,Tricentennial,"Have at least 300 of everything . ""Can't stop, won't stop. Probably should stop, though.""",273,https://cookieclicker.wiki.gg/wiki/Achievements
,Tricentennial and a half,"Have at least 350 of everything . ""(it's free real estate)""",392,https://cookieclicker.wiki.gg/wiki/Achievements
,Quadricentennial,"Have at least 400 of everything . ""You've had to do horrible things to get this far. Horrible... horrible things.""",393,https://cookieclicker.wiki.gg/wiki/Achievements
,Quadricentennial and a half,"Have at least 450 of everything . ""At this point, you might just be compensating for something.""",394,https://cookieclicker.wiki.gg/wiki/Achievements
,Quincentennial,"Have at least 500 of everything . ""Some people would say you're halfway there. We do not care for those people and their reckless sense of unchecked optimism.""",395,https://cookieclicker.wiki.gg/wiki/Achievements
,Quincentennial and a half,"Have at least 550 of everything . ""This won't fill the churning void inside, you know.""",466,https://cookieclicker.wiki.gg/wiki/Achievements
,Sexcentennial,"Have at least 600 of everything . ""Hey, nice milestone!""",530,https://cookieclicker.wiki.gg/wiki/Achievements
,Sexcentennial and a half,"Have at least 650 of everything . ""Hope you're enjoying the grind so far! It gets worse.""",575,https://cookieclicker.wiki.gg/wiki/Achievements
,Septcentennial,"Have at least 700 of everything . ""In this economy?""",599,https://cookieclicker.wiki.gg/wiki/Achievements
,Golden cookie,Click a golden cookie .,67,https://cookieclicker.wiki.gg/wiki/Achievements
,Lucky cookie,Click 7 golden cookies .,68,https://cookieclicker.wiki.gg/wiki/Achievements
,A stroke of luck,Click 27 golden cookies.,69,https://cookieclicker.wiki.gg/wiki/Achievements
,Fortune,"Click 77 golden cookies . ""You should really go to bed.""",77,https://cookieclicker.wiki.gg/wiki/Achievements
,Leprechaun,Click 777 golden cookies .,84,https://cookieclicker.wiki.gg/wiki/Achievements
,Black cat's paw,Click 7777 golden cookies .,85,https://cookieclicker.wiki.gg/wiki/Achievements
,Early bird,Click a Golden Cookie less than 1 second after it spawns.,263,https://cookieclicker.wiki.gg/wiki/Achievements
,Fading luck,Click a Golden Cookie less than 1 second before it dies.,264,https://cookieclicker.wiki.gg/wiki/Achievements
,Thick-skinned,Have your reinforced membrane protect the shimmering veil .,432,https://cookieclicker.wiki.gg/wiki/Achievements
,Jellicles,"Own 10 kitten upgrades. ""Jellicles can and jellicles do! Make sure to wash your jellicles every day!""",465,https://cookieclicker.wiki.gg/wiki/Achievements
,Cookie-dunker [ note 1 ],"Dunk the cookie. ""You did it!""",76,https://cookieclicker.wiki.gg/wiki/Achievements
,Tiny cookie [ note 2 ],"Click the tiny cookie. ""These aren't the cookies you're clicking for.""",132,https://cookieclicker.wiki.gg/wiki/Achievements
,What's in a name,Give your bakery a name.,170,https://cookieclicker.wiki.gg/wiki/Achievements
,Here you go,"Click this achievement slot. ""All you had to do was ask.""",204,https://cookieclicker.wiki.gg/wiki/Achievements
,Tabloid addiction,"Click on the news ticker 50 times . ""Page 6: Mad individual clicks on picture of pastry in a futile attempt to escape boredom! Also page 6: British parliament ate my baby!""",243,https://cookieclicker.wiki.gg/wiki/Achievements
,Stifling the press [ note 3 ],"Squish the news ticker flat, then click on it. ""Narrow in here or is it just me?""",538,https://cookieclicker.wiki.gg/wiki/Achievements
,Olden days [ note 4 ],"Find the forgotten madeleine . ""DashNet Farms remembers.""",492,https://cookieclicker.wiki.gg/wiki/Achievements
,Neverclick [ note 5 ],Make 1 million cookies by only having clicked 15 times .,29,https://cookieclicker.wiki.gg/wiki/Achievements
,Uncanny clicker,"Click really, really fast. ""Well I'll be!""",71,https://cookieclicker.wiki.gg/wiki/Achievements
,Grandmapocalypse [ note 6 ],Trigger the grandmapocalypse for the first time.,594,https://cookieclicker.wiki.gg/wiki/Achievements
,Wrath cookie,Click a wrath cookie .,595,https://cookieclicker.wiki.gg/wiki/Achievements
,Elder nap,"Appease the grandmatriarchs at least once . ""we are eternal""",79,https://cookieclicker.wiki.gg/wiki/Achievements
,Elder slumber,"Appease the grandmatriarchs at least 5 times . ""our mind outlives the universe""",80,https://cookieclicker.wiki.gg/wiki/Achievements
,Elder calm,"Declare a covenant with the grandmatriarchs. ""we have fed""",82,https://cookieclicker.wiki.gg/wiki/Achievements
,Wrinkler poker,"Poke a wrinkler 50 times without killing it. ""Also the name of a card game popular in retirement homes.""",598,https://cookieclicker.wiki.gg/wiki/Achievements
,Itchscratcher,Burst 1 wrinkler .,105,https://cookieclicker.wiki.gg/wiki/Achievements
,Wrinklesquisher [ note 7 ],Burst 50 wrinklers .,106,https://cookieclicker.wiki.gg/wiki/Achievements
,Moistburster [ note 7 ],Burst 200 wrinklers .,107,https://cookieclicker.wiki.gg/wiki/Achievements
,"Dude, sweet",Harvest 7 coalescing sugar lumps .,266,https://cookieclicker.wiki.gg/wiki/Achievements
,Sugar rush,Harvest 30 coalescing sugar lumps .,267,https://cookieclicker.wiki.gg/wiki/Achievements
,Year's worth of cavities,"Harvest 365 coalescing sugar lumps . ""My lumps my lumps my lumps.""",268,https://cookieclicker.wiki.gg/wiki/Achievements
,Hand-picked,Successfully harvest a coalescing sugar lump before it's ripe.,269,https://cookieclicker.wiki.gg/wiki/Achievements
,Sugar sugar,Harvest a bifurcated sugar lump .,270,https://cookieclicker.wiki.gg/wiki/Achievements
,Sweetmeats,Harvest a meaty sugar lump .,272,https://cookieclicker.wiki.gg/wiki/Achievements
,Maillard reaction,Harvest a caramelized sugar lump .,396,https://cookieclicker.wiki.gg/wiki/Achievements
,Spooky cookies [ note 8 ],Unlock every Halloween -themed cookie . Owning this achievement makes Halloween-themed cookies drop more frequently in future playthroughs.,108,https://cookieclicker.wiki.gg/wiki/Achievements
,Coming to town,Reach Santa 's 7th form .,109,https://cookieclicker.wiki.gg/wiki/Achievements
,All hail Santa,Reach Santa's final form .,110,https://cookieclicker.wiki.gg/wiki/Achievements
,Let it snow [ note 8 ],Unlock every Christmas -themed cookie . Owning this achievement makes Christmas-themed cookies drop more frequently in future playthroughs.,111,https://cookieclicker.wiki.gg/wiki/Achievements
,Oh deer,Pop 1 reindeer .,112,https://cookieclicker.wiki.gg/wiki/Achievements
,Sleigh of hand [ note 7 ],Pop 50 reindeer .,113,https://cookieclicker.wiki.gg/wiki/Achievements
,Reindeer sleigher [ note 7 ],Pop 200 reindeer .,114,https://cookieclicker.wiki.gg/wiki/Achievements
,Eldeer,Pop a reindeer during an elder frenzy .,265,https://cookieclicker.wiki.gg/wiki/Achievements
,Baby it's old outside,Click one of Santa's helper grandmas during Christmas season.,580,https://cookieclicker.wiki.gg/wiki/Achievements
,Lovely cookies [ note 9 ],Unlock every Valentine -themed cookie .,130,https://cookieclicker.wiki.gg/wiki/Achievements
,The hunt is on [ note 10 ],Unlock 1 egg .,166,https://cookieclicker.wiki.gg/wiki/Achievements
,Egging on [ note 10 ],Unlock 7 eggs .,167,https://cookieclicker.wiki.gg/wiki/Achievements
,Mass Easteria [ note 10 ],Unlock 14 eggs .,168,https://cookieclicker.wiki.gg/wiki/Achievements
,Hide & seek champion [ note 10 ],Unlock all the eggs . Owning this achievement makes eggs drop more frequently in future playthroughs.,169,https://cookieclicker.wiki.gg/wiki/Achievements
,Here be dragon,Complete your dragon 's training .,222,https://cookieclicker.wiki.gg/wiki/Achievements
,Rebirth [ note 11 ],Ascend at least once.,203,https://cookieclicker.wiki.gg/wiki/Achievements
,Resurrection [ note 11 ],Ascend 10 times .,205,https://cookieclicker.wiki.gg/wiki/Achievements
,Reincarnation [ note 11 ],Ascend 100 times .,206,https://cookieclicker.wiki.gg/wiki/Achievements
,Sacrifice,"Ascend with 1 million cookies baked. ""Easy come, easy go.""",26,https://cookieclicker.wiki.gg/wiki/Achievements
,Oblivion,"Ascend with 1 billion cookies baked. ""Back to square one.""",27,https://cookieclicker.wiki.gg/wiki/Achievements
,From scratch,"Ascend with 1 trillion cookies baked. ""It's been fun.""",28,https://cookieclicker.wiki.gg/wiki/Achievements
,Nihilism,"Ascend with 1 quadrillion cookies baked. ""There are many things that need to be erased""",86,https://cookieclicker.wiki.gg/wiki/Achievements
,Dematerialize,"Ascend with 1 quintillion cookies baked. ""Presto! ...where'd the cookies go?""",161,https://cookieclicker.wiki.gg/wiki/Achievements
,Nil zero zilch,"Ascend with 1 sextillion cookies baked. ""To summarize : really not very much at all.""",162,https://cookieclicker.wiki.gg/wiki/Achievements
,Transcendence,"Ascend with 1 septillion cookies baked. ""Your cookies are now on a higher plane of being.""",163,https://cookieclicker.wiki.gg/wiki/Achievements
,Obliterate,"Ascend with 1 octillion cookies baked. ""Resistance is futile, albeit entertaining.""",164,https://cookieclicker.wiki.gg/wiki/Achievements
,Negative void,"Ascend with 1 nonillion cookies baked. ""You now have so few cookies that it's almost like you have a negative amount of them.""",165,https://cookieclicker.wiki.gg/wiki/Achievements
,"To crumbs, you say?","Ascend with 1 decillion cookies baked. ""Very well then.""",249,https://cookieclicker.wiki.gg/wiki/Achievements
,You get nothing,"Ascend with 1 undecillion cookies baked. ""Good day sir!""",383,https://cookieclicker.wiki.gg/wiki/Achievements
,Humble rebeginnings,"Ascend with 1 duodecillion cookies baked. ""Started from the bottom, now we're here.""",384,https://cookieclicker.wiki.gg/wiki/Achievements
,The end of the world,"Ascend with 1 tredecillion cookies baked. ""(as we know it)""",385,https://cookieclicker.wiki.gg/wiki/Achievements
,"Oh, you're back","Ascend with 1 quattuordecillion cookies baked. ""Missed us?""",386,https://cookieclicker.wiki.gg/wiki/Achievements
,Lazarus,"Ascend with 1 quindecillion cookies baked. ""All rise.""",387,https://cookieclicker.wiki.gg/wiki/Achievements
,Smurf account,"Ascend with 1 sexdecillion cookies baked. ""It's like you just appeared out of the blue!""",454,https://cookieclicker.wiki.gg/wiki/Achievements
,If at first you don't succeed,"Ascend with 1 septendecillion cookies baked. ""If at first you don't succeed, try, try, try again. But isn't that the definition of insanity?""",455,https://cookieclicker.wiki.gg/wiki/Achievements
,No more room in hell,"Ascend with 1 octodecillion cookies baked. ""That is not dead which can eternal click.""",596,https://cookieclicker.wiki.gg/wiki/Achievements
,Hardcore [ note 5 ],Get to 1 billion cookies baked with no upgrades purchased .,92,https://cookieclicker.wiki.gg/wiki/Achievements
,Wholesome,Unlock 100% of your heavenly chips power.,103,https://cookieclicker.wiki.gg/wiki/Achievements
,No time like the present,"Redeem a cookie gift code from a friend (or from yourself, we don't judge).",589,https://cookieclicker.wiki.gg/wiki/Achievements
,O Fortuna,Own every fortune upgrade . Owning this achievement makes fortunes appear twice as often ; unlocked fortune upgrades also have a 40% chance to carry over after ascending.,456,https://cookieclicker.wiki.gg/wiki/Achievements
,Bibbidi-bobbidi-boo,Cast 9 spells .,321,https://cookieclicker.wiki.gg/wiki/Achievements
,I'm the wiz,Cast 99 spells.,322,https://cookieclicker.wiki.gg/wiki/Achievements
,A wizard is you,"Cast 999 spells. ""I'm a what?""",323,https://cookieclicker.wiki.gg/wiki/Achievements
,Botany enthusiast,Harvest 100 mature garden plants.,378,https://cookieclicker.wiki.gg/wiki/Achievements
,"Green, aching thumb",Harvest 1000 mature garden plants.,379,https://cookieclicker.wiki.gg/wiki/Achievements
,In the garden of Eden (baby),"Fill every tile of the biggest garden plot with plants. ""Isn't tending to those precious little plants just so rock and/or roll?""",380,https://cookieclicker.wiki.gg/wiki/Achievements
,Keeper of the conservatory,Unlock every garden seed.,381,https://cookieclicker.wiki.gg/wiki/Achievements
,Seedless to nay,"Convert a complete seed log into sugar lumps by sacrificing your garden to the sugar hornets. Owning this achievement makes seeds 5% cheaper , plants mature 5% sooner , and plant upgrades drop 5% more .",382,https://cookieclicker.wiki.gg/wiki/Achievements
,Initial public offering,Make your first stock market profit.,457,https://cookieclicker.wiki.gg/wiki/Achievements
,Rookie numbers,"Own at least 100 of every stock market stock. ""Gotta pump those numbers up!""",458,https://cookieclicker.wiki.gg/wiki/Achievements
,No nobility in poverty,"Own at least 500 of every market stock. ""What kind of individual is out there cramming camels through needle holes anyway?""",459,https://cookieclicker.wiki.gg/wiki/Achievements
,Full warehouses,"Own at least 1,000 of a stock market stock.",460,https://cookieclicker.wiki.gg/wiki/Achievements
,Make my day,"Make a day of CpS ($86,400) in 1 stock market sale.",461,https://cookieclicker.wiki.gg/wiki/Achievements
,Buy buy buy,"Spend a day of CpS ($86,400) in 1 stock market purchase.",462,https://cookieclicker.wiki.gg/wiki/Achievements
,Pyramid scheme,Unlock the highest-tier stock market headquarters.,464,https://cookieclicker.wiki.gg/wiki/Achievements
,Liquid assets [ note 12 ],Have your stock market profits surpass $10 million .,537,https://cookieclicker.wiki.gg/wiki/Achievements
,Debt evasion,"Take out a loan and ascend before incurring the CpS penalty. ""Really got 'em buttered!""",637,https://cookieclicker.wiki.gg/wiki/Achievements
,You win a cookie,"This is for baking 100 trillion cookies and making it on the local news. ""We're all so proud of you.""",133,https://cookieclicker.wiki.gg/wiki/Achievements
,Cookie Clicker,"Unlock the final building. ""Everyone's here. Won't you have some cookies too?""",639,https://cookieclicker.wiki.gg/wiki/Achievements
,Four-leaf cookie,"Have 4 golden cookies simultaneously. ""Fairly rare, considering cookies don't even have leaves.""",324,https://cookieclicker.wiki.gg/wiki/Achievements
,Seven horseshoes,"Click 27,777 golden cookies . ""Enough for one of those funky horses that graze near your factories.""",491,https://cookieclicker.wiki.gg/wiki/Achievements
,All-natural cane sugar,Harvest a golden sugar lump .,271,https://cookieclicker.wiki.gg/wiki/Achievements
,Endless cycle [ note 11 ],"Ascend 1,000 times . ""Oh hey, it's you again.""",207,https://cookieclicker.wiki.gg/wiki/Achievements
,Cheated cookies taste awful [ note 13 ] [ note 14 ],Hack in some cookies.,70,https://cookieclicker.wiki.gg/wiki/Achievements
,God complex [ note 15 ],"Name yourself Orteil . Note : usurpers incur a -1% CpS penalty until they rename themselves something else. ""But that's not you, is it?""",159,https://cookieclicker.wiki.gg/wiki/Achievements
,Third-party [ note 14 ],"Use an add-on . ""Some find vanilla to be the most boring flavor.""",160,https://cookieclicker.wiki.gg/wiki/Achievements
,When the cookies ascend just right [ note 16 ],Ascend with exactly 1 trillion cookies .,397,https://cookieclicker.wiki.gg/wiki/Achievements
,Speed baking I [ note 5 ],Get to 1 million cookies baked in 35 minutes .,93,https://cookieclicker.wiki.gg/wiki/Achievements
,Speed baking II [ note 5 ],Get to 1 million cookies baked in 25 minutes .,94,https://cookieclicker.wiki.gg/wiki/Achievements
,Speed baking III [ note 5 ],Get to 1 million cookies baked in 15 minutes .,95,https://cookieclicker.wiki.gg/wiki/Achievements
,True Neverclick [ note 5 ],"Make 1 million cookies with no cookie clicks . ""This kinda defeats the whole purpose, doesn't it?""",78,https://cookieclicker.wiki.gg/wiki/Achievements
,In her likeness [ note 17 ],"Shape your clones to resemble grandmas. ""There she is.""",597,https://cookieclicker.wiki.gg/wiki/Achievements
,Just plain lucky [ note 18 ],You have 1 chance in 1 million every second of earning this achievement.,104,https://cookieclicker.wiki.gg/wiki/Achievements
,Last Chance to See,"Burst the near-extinct shiny wrinkler . ""You monster!""",262,https://cookieclicker.wiki.gg/wiki/Achievements
,So much to do so much to see [ note 19 ],"Manage a cookie legacy for at least a year . ""Thank you so much for playing Cookie Clicker!""",367,https://cookieclicker.wiki.gg/wiki/Achievements
,Gaseous assets [ note 20 ],"Have your stock market profits surpass a whole year of CpS ($31,536,000).",463,https://cookieclicker.wiki.gg/wiki/Achievements
